lines_of_code,num_functions,num_loops,num_conditionals,nested_loop_depth,avg_function_length,cyclomatic_complexity,label
241,5,8,9,5,48.2,23,Complex
72,8,1,11,0,9.0,21,Moderate
231,4,6,18,1,57.75,29,Complex
92,0,9,1,0,0.0,11,Clean
70,0,14,8,3,0.0,23,Complex
246,10,10,17,0,24.6,38,Complex
226,9,3,20,3,25.11,33,Complex
135,9,1,16,1,15.0,27,Complex
281,8,7,7,2,35.12,23,Moderate
62,5,10,8,4,12.4,24,Complex
179,1,11,7,1,179.0,20,Moderate
206,8,9,17,2,25.75,35,Complex
334,10,1,18,1,33.4,30,Complex
180,1,11,16,4,180.0,29,Complex
27,3,12,15,2,9.0,31,Complex
371,8,1,1,3,46.38,11,Complex
305,2,9,5,5,152.5,17,Complex
204,0,2,14,2,0.0,17,Moderate
22,8,2,0,0,2.75,11,Clean
223,10,11,9,4,22.3,31,Complex
54,5,14,19,2,10.8,39,Complex
334,1,10,6,1,334.0,18,Moderate
123,8,12,10,3,15.38,31,Complex
148,0,12,13,4,0.0,26,Complex
319,7,1,5,2,45.57,14,Moderate
235,8,4,6,5,29.38,19,Complex
236,6,9,1,5,39.33,17,Complex
78,7,5,12,1,11.14,25,Moderate
53,6,5,11,5,8.83,23,Complex
377,0,8,6,2,0.0,15,Moderate
55,0,14,8,0,0.0,23,Moderate
326,8,12,15,2,40.75,36,Complex
58,7,10,6,2,8.29,24,Moderate
84,3,3,8,2,28.0,15,Moderate
83,4,11,6,3,20.75,22,Complex
83,6,2,11,1,13.83,20,Moderate
98,3,9,1,5,32.67,14,Complex
71,0,4,5,2,0.0,10,Moderate
136,6,12,1,1,22.67,20,Moderate
195,3,10,10,1,65.0,24,Moderate
164,3,7,20,4,54.67,31,Complex
41,3,2,11,1,13.67,17,Moderate
32,6,8,6,2,5.33,21,Moderate
223,2,0,1,5,111.5,4,Complex
298,4,7,6,1,74.5,18,Moderate
368,2,12,13,2,184.0,28,Complex
240,3,12,20,2,80.0,36,Complex
72,8,7,18,4,9.0,34,Complex
25,9,3,5,0,2.78,18,Moderate
249,9,14,11,2,27.67,35,Complex
174,3,4,18,0,58.0,26,Complex
365,3,6,0,0,121.67,10,Moderate
317,0,5,9,1,0.0,15,Moderate
298,2,9,20,5,149.0,32,Complex
35,7,11,20,0,5.0,39,Complex
191,2,7,15,2,95.5,25,Moderate
255,7,12,13,5,36.43,33,Complex
23,1,6,12,4,23.0,20,Complex
208,4,14,6,2,52.0,25,Moderate
185,9,2,11,3,20.56,23,Complex
281,2,12,6,5,140.5,21,Complex
194,4,12,13,4,48.5,30,Complex
127,5,2,16,2,25.4,24,Moderate
75,7,14,13,0,10.71,35,Complex
219,10,5,1,4,21.9,17,Complex
285,9,1,1,0,31.67,12,Clean
148,5,13,6,1,29.6,25,Moderate
22,8,0,19,5,2.75,28,Complex
122,1,9,5,3,122.0,16,Complex
122,1,3,19,2,122.0,24,Moderate
154,2,7,2,4,77.0,12,Complex
29,4,6,4,0,7.25,15,Moderate
356,6,0,2,0,59.33,9,Moderate
179,8,12,16,3,22.38,37,Complex
215,7,0,9,3,30.71,17,Complex
331,1,13,3,1,331.0,18,Moderate
90,4,2,15,2,22.5,22,Moderate
165,3,11,0,4,55.0,15,Complex
346,10,14,0,1,34.6,25,Moderate
400,3,12,12,3,133.33,28,Complex
82,8,11,9,2,10.25,29,Complex
366,4,14,6,0,91.5,25,Moderate
193,3,3,11,1,64.33,18,Moderate
369,7,6,6,0,52.71,20,Moderate
376,3,11,4,1,125.33,19,Moderate
373,4,15,14,3,93.25,34,Complex
332,7,8,4,4,47.43,20,Complex
119,6,4,16,1,19.83,27,Complex
311,6,4,6,5,51.83,17,Complex
290,0,6,3,2,0.0,10,Moderate
109,2,10,3,3,54.5,16,Complex
294,4,9,3,2,73.5,17,Moderate
33,9,8,12,4,3.67,30,Complex
44,5,11,18,5,8.8,35,Complex
395,8,12,19,3,49.38,40,Complex
370,3,5,5,4,123.33,14,Complex
78,9,7,8,2,8.67,25,Moderate
370,4,2,6,2,92.5,13,Moderate
369,1,1,9,2,369.0,12,Moderate
51,2,6,12,4,25.5,21,Complex
174,2,4,0,0,87.0,7,Moderate
337,2,6,16,3,168.5,25,Complex
260,7,10,9,2,37.14,27,Complex
292,7,3,17,3,41.71,28,Complex
295,5,15,4,0,59.0,25,Moderate
114,7,10,12,3,16.29,30,Complex
236,5,0,11,5,47.2,17,Complex
350,0,9,12,5,0.0,22,Complex
278,6,10,12,4,46.33,29,Complex
371,6,3,18,2,61.83,28,Complex
212,9,12,14,4,23.56,36,Complex
172,0,6,7,5,0.0,14,Complex
132,4,14,16,1,33.0,35,Complex
185,1,13,9,2,185.0,24,Moderate
228,9,7,19,4,25.33,36,Complex
230,1,2,16,2,230.0,20,Moderate
31,1,13,20,2,31.0,35,Complex
53,10,0,3,1,5.3,14,Moderate
396,8,8,6,4,49.5,23,Complex
89,5,15,1,3,17.8,22,Complex
356,10,11,17,3,35.6,39,Complex
115,3,8,12,5,38.33,24,Complex
384,8,0,12,0,48.0,21,Moderate
141,2,11,17,5,70.5,31,Complex
207,4,7,20,3,51.75,32,Complex
292,7,12,20,0,41.71,40,Complex
220,0,5,0,3,0.0,6,Complex
264,10,8,2,2,26.4,21,Moderate
35,5,13,6,5,7.0,25,Complex
279,0,7,14,3,0.0,22,Complex
123,0,3,14,2,0.0,18,Moderate
77,3,1,6,1,25.67,11,Clean
166,2,14,20,3,83.0,37,Complex
314,2,13,13,5,157.0,29,Complex
32,10,12,7,3,3.2,30,Complex
231,6,12,16,0,38.5,35,Complex
122,9,10,4,2,13.56,24,Moderate
340,0,13,6,4,0.0,20,Complex
120,9,14,2,2,13.33,26,Complex
391,1,2,19,0,391.0,23,Moderate
52,4,13,20,1,13.0,38,Complex
392,8,7,14,5,49.0,30,Complex
232,2,14,15,5,116.0,32,Complex
342,1,4,12,3,342.0,18,Complex
260,4,1,0,0,65.0,6,Moderate
203,1,14,7,5,203.0,23,Complex
191,8,3,2,1,23.88,14,Moderate
80,8,5,4,2,10.0,18,Moderate
29,9,6,20,5,3.22,36,Complex
300,0,0,3,0,0.0,4,Clean
392,5,15,7,4,78.4,28,Complex
392,6,0,11,0,65.33,18,Moderate
347,6,12,11,1,57.83,30,Complex
89,3,14,10,2,29.67,28,Complex
322,1,0,5,4,322.0,7,Complex
201,8,7,5,5,25.12,21,Complex
358,6,7,3,1,59.67,17,Moderate
248,4,0,10,4,62.0,15,Complex
182,5,15,17,1,36.4,38,Complex
151,7,15,19,3,21.57,42,Complex
30,1,1,6,3,30.0,9,Complex
400,6,7,3,4,66.67,17,Complex
190,9,10,18,4,21.11,38,Complex
183,4,14,5,3,45.75,24,Complex
106,0,0,17,3,0.0,18,Complex
75,10,13,17,1,7.5,41,Complex
364,0,13,16,3,0.0,30,Complex
204,5,7,20,2,40.8,33,Complex
325,1,4,17,1,325.0,23,Moderate
233,6,11,3,5,38.83,21,Complex
387,5,0,15,4,77.4,21,Complex
66,3,8,16,2,22.0,28,Complex
276,1,4,4,5,276.0,10,Complex
44,0,9,1,0,0.0,11,Clean
159,6,13,1,4,26.5,21,Complex
29,3,5,11,3,9.67,20,Complex
225,7,5,8,1,32.14,21,Moderate
58,8,6,8,2,7.25,23,Moderate
83,0,15,7,5,0.0,23,Complex
162,6,9,17,1,27.0,33,Complex
368,7,6,9,2,52.57,23,Moderate
143,2,9,3,2,71.5,15,Moderate
343,2,1,8,3,171.5,12,Complex
299,9,6,6,4,33.22,22,Complex
280,0,8,19,0,0.0,28,Complex
397,4,8,14,0,99.25,27,Complex
196,6,3,14,4,32.67,24,Complex
377,10,2,14,3,37.7,27,Complex
224,3,8,8,4,74.67,20,Complex
20,1,1,1,3,20.0,4,Complex
20,9,15,3,3,2.22,28,Complex
56,2,7,14,4,28.0,24,Complex
80,6,11,4,4,13.33,22,Complex
20,4,15,14,1,5.0,34,Complex
197,4,4,11,4,49.25,20,Complex
373,0,9,13,2,0.0,23,Moderate
116,0,9,14,0,0.0,24,Moderate
159,0,1,18,3,0.0,20,Complex
45,1,7,2,4,45.0,11,Complex
387,1,0,2,4,387.0,4,Complex
235,6,8,0,3,39.17,15,Complex
232,5,14,4,2,46.4,24,Moderate
373,1,4,2,5,373.0,8,Complex
321,8,8,19,0,40.12,36,Complex
294,3,1,10,2,98.0,15,Moderate
300,10,12,1,0,30.0,24,Moderate
308,3,13,3,3,102.67,20,Complex
110,4,13,12,5,27.5,30,Complex
235,5,13,1,2,47.0,20,Moderate
392,5,1,6,3,78.4,13,Complex
366,3,9,16,3,122.0,29,Complex
209,0,0,12,5,0.0,13,Complex
62,8,13,15,4,7.75,37,Complex
23,2,0,13,2,11.5,16,Moderate
73,10,5,19,4,7.3,35,Complex
332,1,1,10,1,332.0,13,Moderate
226,2,9,7,4,113.0,19,Complex
263,0,3,9,4,0.0,13,Complex
306,9,12,5,5,34.0,27,Complex
89,8,14,5,2,11.12,28,Complex
293,4,8,6,4,73.25,19,Complex
170,6,1,0,0,28.33,8,Clean
305,2,9,14,1,152.5,26,Complex
63,6,8,6,4,10.5,21,Complex
204,6,3,9,1,34.0,19,Moderate
158,4,3,17,4,39.5,25,Complex
36,1,6,16,5,36.0,24,Complex
184,2,4,11,1,92.0,18,Moderate
144,9,6,1,4,16.0,17,Complex
147,3,11,19,0,49.0,34,Complex
305,7,10,0,5,43.57,18,Complex
310,10,3,10,2,31.0,24,Moderate
86,10,0,1,1,8.6,12,Clean
98,5,0,11,3,19.6,17,Complex
164,9,12,7,4,18.22,29,Complex
123,4,11,2,5,30.75,18,Complex
125,5,7,1,3,25.0,14,Complex
70,2,12,15,2,35.0,30,Complex
295,4,11,2,1,73.75,18,Moderate
320,2,11,1,0,160.0,15,Moderate
338,10,1,15,1,33.8,27,Complex
61,2,14,1,4,30.5,18,Complex
227,1,0,6,3,227.0,8,Complex
313,8,10,11,5,39.12,30,Complex
118,6,10,0,5,19.67,17,Complex
233,3,2,6,0,77.67,12,Moderate
28,10,2,18,2,2.8,31,Complex
298,3,2,2,4,99.33,8,Complex
266,0,1,0,4,0.0,2,Complex
372,3,9,13,5,124.0,26,Complex
32,5,6,3,0,6.4,15,Moderate
42,7,13,7,2,6.0,28,Complex
86,5,0,7,2,17.2,13,Moderate
106,8,13,19,0,13.25,41,Complex
172,4,2,5,5,43.0,12,Complex
45,2,15,0,0,22.5,18,Moderate
137,7,9,0,3,19.57,17,Complex
37,5,10,16,4,7.4,32,Complex
87,2,2,1,3,43.5,6,Complex
250,5,5,0,5,50.0,11,Complex
303,9,1,0,4,33.67,11,Complex
279,2,7,5,4,139.5,15,Complex
302,1,9,14,1,302.0,25,Moderate
336,2,8,11,0,168.0,22,Moderate
268,4,6,7,1,67.0,18,Moderate
106,0,6,2,1,0.0,9,Clean
329,9,5,10,1,36.56,25,Moderate
286,2,4,11,4,143.0,18,Complex
365,5,5,15,3,73.0,26,Complex
86,0,1,11,2,0.0,13,Moderate
151,4,4,4,2,37.75,13,Moderate
380,3,9,9,3,126.67,22,Complex
251,10,8,10,3,25.1,29,Complex
384,8,0,7,4,48.0,16,Complex
207,6,8,14,3,34.5,29,Complex
68,6,12,20,3,11.33,39,Complex
64,4,11,19,3,16.0,35,Complex
203,10,2,2,3,20.3,15,Complex
334,2,7,18,2,167.0,28,Complex
310,0,9,8,3,0.0,18,Complex
321,7,8,6,4,45.86,22,Complex
375,4,5,7,1,93.75,17,Moderate
24,10,11,12,3,2.4,34,Complex
168,9,13,3,5,18.67,26,Complex
339,7,0,19,1,48.43,27,Complex
269,8,7,14,2,33.62,30,Complex
336,3,11,16,5,112.0,31,Complex
146,1,4,18,4,146.0,24,Complex
99,5,9,6,4,19.8,21,Complex
339,2,2,12,2,169.5,17,Moderate
28,4,5,19,0,7.0,29,Complex
248,5,10,7,5,49.6,23,Complex
359,0,6,15,4,0.0,22,Complex
337,5,9,13,1,67.4,28,Complex
41,2,4,9,5,20.5,16,Complex
248,8,12,10,5,31.0,31,Complex
281,6,13,15,3,46.83,35,Complex
83,5,12,8,1,16.6,26,Complex
191,1,11,7,3,191.0,20,Complex
288,4,6,13,2,72.0,24,Moderate
23,7,2,1,1,3.29,11,Clean
133,5,10,8,0,26.6,24,Moderate
150,3,11,5,0,50.0,20,Moderate
348,6,10,3,3,58.0,20,Complex
259,10,9,1,2,25.9,21,Moderate
227,5,2,4,2,45.4,12,Moderate
261,5,7,2,5,52.2,15,Complex
62,1,9,0,2,62.0,11,Moderate
128,8,5,4,3,16.0,18,Complex
347,1,11,16,1,347.0,29,Complex
84,4,13,20,1,21.0,38,Complex
234,9,6,1,5,26.0,17,Complex
397,8,0,3,4,49.62,12,Complex
361,7,14,20,2,51.57,42,Complex
319,4,1,12,1,79.75,18,Moderate
59,6,14,8,3,9.83,29,Complex
327,1,3,10,4,327.0,15,Complex
139,4,13,16,5,34.75,34,Complex
43,8,0,11,3,5.38,20,Complex
359,9,9,17,0,39.89,36,Complex
325,5,8,0,0,65.0,14,Moderate
95,4,13,19,2,23.75,37,Complex
192,7,5,7,3,27.43,20,Complex
288,5,6,5,5,57.6,17,Complex
164,3,6,5,3,54.67,15,Complex
61,9,13,17,3,6.78,40,Complex
335,0,0,4,5,0.0,5,Complex
297,0,2,6,1,0.0,9,Clean
344,9,1,11,0,38.22,22,Moderate
180,10,11,18,3,18.0,40,Complex
148,9,14,5,4,16.44,29,Complex
154,4,5,1,1,38.5,11,Clean
357,5,11,15,1,71.4,32,Complex
365,5,6,0,5,73.0,12,Complex
175,1,13,10,3,175.0,25,Complex
55,9,0,6,3,6.11,16,Complex
345,10,0,19,4,34.5,30,Complex
31,8,8,10,5,3.88,27,Complex
170,9,10,4,2,18.89,24,Moderate
69,6,11,2,1,11.5,20,Moderate
108,4,10,2,4,27.0,17,Complex
311,6,6,0,3,51.83,13,Complex
269,7,3,1,2,38.43,12,Moderate
307,9,0,19,1,34.11,29,Complex
82,5,1,18,2,16.4,25,Moderate
382,6,15,3,3,63.67,25,Complex
173,5,2,17,5,34.6,25,Complex
317,4,13,3,5,79.25,21,Complex
254,7,1,1,5,36.29,10,Complex
322,10,8,15,5,32.2,34,Complex
85,6,8,17,1,14.17,32,Complex
173,9,11,0,0,19.22,21,Moderate
202,7,10,1,3,28.86,19,Complex
211,5,14,5,2,42.2,25,Moderate
275,1,7,7,2,275.0,16,Moderate
107,7,9,10,1,15.29,27,Complex
44,3,10,8,1,14.67,22,Moderate
39,1,13,11,3,39.0,26,Complex
329,4,5,7,5,82.25,17,Complex
88,2,12,3,4,44.0,18,Complex
171,4,0,11,4,42.75,16,Complex
205,4,5,6,3,51.25,16,Complex
52,3,12,6,3,17.33,22,Complex
78,8,8,7,4,9.75,24,Complex
276,2,14,14,5,138.0,31,Complex
239,10,0,12,5,23.9,23,Complex
113,7,12,0,5,16.14,20,Complex
108,6,4,2,1,18.0,13,Moderate
165,7,0,2,3,23.57,10,Complex
67,3,14,14,3,22.33,32,Complex
56,6,5,4,5,9.33,16,Complex
42,9,5,2,0,4.67,17,Moderate
83,9,1,5,4,9.22,16,Complex
253,8,15,20,4,31.62,44,Complex
258,8,4,8,3,32.25,21,Complex
118,0,15,6,2,0.0,22,Moderate
175,4,1,0,2,43.75,6,Moderate
365,6,14,9,5,60.83,30,Complex
341,3,5,1,5,113.67,10,Complex
335,9,14,18,5,37.22,42,Complex
270,0,0,4,5,0.0,5,Complex
46,3,7,1,1,15.33,12,Clean
44,7,6,13,2,6.29,27,Complex
329,1,9,17,1,329.0,28,Complex
142,6,1,18,3,23.67,26,Complex
111,9,11,8,2,12.33,29,Complex
317,2,6,1,5,158.5,10,Complex
63,8,12,2,1,7.88,23,Moderate
360,10,10,12,0,36.0,33,Complex
361,2,7,20,1,180.5,30,Complex
287,9,5,2,4,31.89,17,Complex
102,2,15,4,4,51.0,22,Complex
96,6,14,6,3,16.0,27,Complex
320,9,15,7,4,35.56,32,Complex
192,7,12,9,1,27.43,29,Complex
225,2,7,10,1,112.5,20,Moderate
118,10,0,19,5,11.8,30,Complex
357,7,9,15,2,51.0,32,Complex
249,5,3,16,2,49.8,25,Moderate
146,3,13,11,0,48.67,28,Complex
209,1,9,13,4,209.0,24,Complex
280,7,4,8,0,40.0,20,Moderate
111,0,10,11,1,0.0,22,Moderate
279,5,13,17,0,55.8,36,Complex
238,1,5,14,0,238.0,21,Moderate
82,7,15,0,4,11.71,23,Complex
318,8,15,2,3,39.75,26,Complex
397,3,14,15,4,132.33,33,Complex
61,10,10,1,1,6.1,22,Moderate
56,8,1,2,3,7.0,12,Complex
179,10,4,2,5,17.9,17,Complex
25,8,15,0,4,3.12,24,Complex
136,3,5,18,5,45.33,27,Complex
21,10,12,1,2,2.1,24,Moderate
51,10,11,11,0,5.1,33,Complex
131,5,15,15,4,26.2,36,Complex
287,10,14,6,5,28.7,31,Complex
216,3,7,13,2,72.0,24,Moderate
388,9,15,13,3,43.11,38,Complex
342,10,8,1,2,34.2,20,Moderate
329,4,3,8,5,82.25,16,Complex
167,8,15,6,1,20.88,30,Complex
294,2,4,7,4,147.0,14,Complex
24,4,10,12,3,6.0,27,Complex
211,7,11,10,2,30.14,29,Complex
60,4,14,10,3,15.0,29,Complex
50,4,0,12,5,12.5,17,Complex
126,8,2,0,5,15.75,11,Complex
178,8,0,12,1,22.25,21,Moderate
334,4,9,18,1,83.5,32,Complex
185,10,10,11,3,18.5,32,Complex
28,5,9,6,0,5.6,21,Moderate
120,6,13,0,4,20.0,20,Complex
43,6,12,14,5,7.17,33,Complex
354,8,8,20,4,44.25,37,Complex
220,1,5,7,5,220.0,14,Complex
176,5,9,4,3,35.2,19,Complex
136,10,11,3,1,13.6,25,Moderate
187,9,4,10,3,20.78,24,Complex
139,2,14,13,0,69.5,30,Complex
93,7,3,8,0,13.29,19,Moderate
310,8,0,13,2,38.75,22,Moderate
342,5,13,2,1,68.4,21,Moderate
334,1,5,10,4,334.0,17,Complex
142,7,13,19,0,20.29,40,Complex
126,2,13,10,0,63.0,26,Complex
150,3,14,15,3,50.0,33,Complex
159,7,1,6,4,22.71,15,Complex
38,3,3,4,2,12.67,11,Moderate
259,2,6,20,3,129.5,29,Complex
23,3,1,9,4,7.67,14,Complex
72,1,2,7,4,72.0,11,Complex
246,7,7,13,4,35.14,28,Complex
202,8,5,6,5,25.25,20,Complex
151,6,6,3,0,25.17,16,Moderate
191,4,1,14,4,47.75,20,Complex
170,10,5,20,1,17.0,36,Complex
285,5,8,20,2,57.0,34,Complex
225,5,9,7,4,45.0,22,Complex
58,8,8,14,5,7.25,31,Complex
293,5,3,9,1,58.6,18,Moderate
43,2,15,17,2,21.5,35,Complex
81,1,3,18,2,81.0,23,Moderate
264,10,3,8,1,26.4,22,Moderate
110,2,13,14,4,55.0,30,Complex
274,7,9,13,1,39.14,30,Complex
27,4,11,5,2,6.75,21,Moderate
64,6,8,12,0,10.67,27,Complex
243,0,1,12,0,0.0,14,Moderate
131,9,4,12,0,14.56,26,Complex
328,5,8,2,5,65.6,16,Complex
116,1,12,10,1,116.0,24,Moderate
301,4,11,15,1,75.25,31,Complex
279,2,8,17,0,139.5,28,Complex
42,0,0,13,4,0.0,14,Complex
379,1,14,17,2,379.0,33,Complex
326,1,6,19,0,326.0,27,Complex
301,1,8,16,1,301.0,26,Complex
290,10,13,1,0,29.0,25,Moderate
139,7,2,6,2,19.86,16,Moderate
204,2,15,19,4,102.0,37,Complex
366,2,1,11,2,183.0,15,Moderate
233,1,0,18,4,233.0,20,Complex
191,3,6,13,3,63.67,23,Complex
363,7,10,5,0,51.86,23,Moderate
239,10,3,7,5,23.9,21,Complex
65,4,12,4,1,16.25,21,Moderate
386,3,4,10,5,128.67,18,Complex
281,10,11,12,1,28.1,34,Complex
337,3,1,14,4,112.33,19,Complex
390,2,14,11,3,195.0,28,Complex
396,7,10,1,3,56.57,19,Complex
165,9,14,20,4,18.33,44,Complex
293,7,2,9,3,41.86,19,Complex
274,8,3,2,1,34.25,14,Moderate
369,10,14,13,3,36.9,38,Complex
137,7,1,14,1,19.57,23,Moderate
395,10,11,5,1,39.5,27,Complex
263,5,4,10,3,52.6,20,Complex
77,3,15,12,3,25.67,31,Complex
234,4,3,4,1,58.5,12,Moderate
125,4,12,8,5,31.25,25,Complex
338,1,13,16,5,338.0,31,Complex
381,1,13,16,2,381.0,31,Complex
120,3,15,19,2,40.0,38,Complex
282,4,14,15,4,70.5,34,Complex
141,1,6,20,4,141.0,28,Complex
131,2,2,8,5,65.5,13,Complex
108,10,5,5,0,10.8,21,Moderate
312,8,8,4,0,39.0,21,Moderate
306,2,12,10,1,153.0,25,Moderate
303,6,14,11,2,50.5,32,Complex
313,5,7,4,2,62.6,17,Moderate
196,10,0,16,2,19.6,27,Complex
387,3,1,20,0,129.0,25,Moderate
315,7,1,17,5,45.0,26,Complex
286,4,9,20,5,71.5,34,Complex
103,8,1,13,1,12.88,23,Moderate
250,10,13,16,3,25.0,40,Complex
217,5,4,1,2,43.4,11,Moderate
86,5,12,17,5,17.2,35,Complex
296,4,15,15,0,74.0,35,Complex
364,0,1,12,2,0.0,14,Moderate
348,3,1,10,3,116.0,15,Complex
108,6,1,7,4,18.0,15,Complex
383,8,6,18,1,47.88,33,Complex
39,4,1,9,1,9.75,15,Moderate
308,8,5,12,1,38.5,26,Complex
181,7,0,12,2,25.86,20,Moderate
154,9,13,1,2,17.11,24,Moderate
349,0,3,6,2,0.0,10,Moderate
208,8,3,11,4,26.0,23,Complex
375,7,10,19,4,53.57,37,Complex
335,3,5,4,1,111.67,13,Moderate
189,7,14,6,0,27.0,28,Complex
135,0,8,5,1,0.0,14,Moderate
350,5,9,9,5,70.0,24,Complex
50,1,14,1,3,50.0,17,Complex
318,6,6,2,5,53.0,15,Complex
80,2,1,19,4,40.0,23,Complex
363,4,7,11,4,90.75,23,Complex
387,8,11,17,5,48.38,37,Complex
76,5,1,9,0,15.2,16,Moderate
366,5,14,17,4,73.2,37,Complex
135,3,4,9,2,45.0,17,Moderate
77,4,2,14,5,19.25,21,Complex
29,8,5,7,3,3.62,21,Complex
147,4,14,7,1,36.75,26,Complex
351,5,14,8,5,70.2,28,Complex
336,4,5,4,3,84.0,14,Complex
246,3,13,12,4,82.0,29,Complex
225,3,9,10,2,75.0,23,Moderate
162,7,1,4,0,23.14,13,Moderate
367,1,7,5,2,367.0,14,Moderate
119,9,0,0,1,13.22,10,Clean
170,0,13,15,1,0.0,29,Complex
390,3,7,16,0,130.0,27,Complex
253,6,14,18,0,42.17,39,Complex
312,10,3,10,0,31.2,24,Moderate
199,8,6,7,3,24.88,22,Complex
137,3,1,11,1,45.67,16,Moderate
94,9,4,16,5,10.44,30,Complex
37,4,3,12,1,9.25,20,Moderate
53,3,0,13,5,17.67,17,Complex
234,5,0,19,2,46.8,25,Moderate
100,5,12,12,2,20.0,30,Complex
23,1,13,19,3,23.0,34,Complex
125,6,6,11,1,20.83,24,Moderate
342,7,1,9,2,48.86,18,Moderate
362,6,12,7,4,60.33,26,Complex
166,4,1,0,3,41.5,6,Complex
329,5,8,5,4,65.8,19,Complex
221,1,4,13,5,221.0,19,Complex
72,10,13,5,1,7.2,29,Complex
218,5,12,16,0,43.6,34,Complex
131,6,13,19,3,21.83,39,Complex
253,7,2,11,4,36.14,21,Complex
321,2,12,8,2,160.5,23,Moderate
86,5,2,4,4,17.2,12,Complex
247,2,13,18,1,123.5,34,Complex
167,2,8,3,1,83.5,14,Moderate
211,10,0,2,1,21.1,13,Moderate
300,7,3,6,5,42.86,17,Complex
84,9,0,5,5,9.33,15,Complex
167,6,5,17,4,27.83,29,Complex
54,7,11,11,0,7.71,30,Complex
342,2,3,16,4,171.0,22,Complex
339,1,3,0,3,339.0,5,Complex
119,1,0,16,4,119.0,18,Complex
38,4,11,18,3,9.5,34,Complex
54,2,9,11,5,27.0,23,Complex
325,4,3,13,1,81.25,21,Moderate
25,3,12,17,3,8.33,33,Complex
119,6,7,5,4,19.83,19,Complex
136,10,0,5,1,13.6,16,Moderate
219,1,12,3,1,219.0,17,Moderate
358,8,7,1,1,44.75,17,Moderate
308,9,11,3,1,34.22,24,Moderate
320,7,7,2,4,45.71,17,Complex
41,0,12,8,2,0.0,21,Moderate
339,8,1,4,2,42.38,14,Moderate
113,4,9,12,0,28.25,26,Complex
170,0,3,0,4,0.0,4,Complex
35,10,6,9,0,3.5,26,Complex
200,2,8,9,3,100.0,20,Complex
389,1,10,1,0,389.0,13,Moderate
91,7,13,0,1,13.0,21,Moderate
31,4,15,7,5,7.75,27,Complex
358,1,7,20,2,358.0,29,Complex
268,3,4,18,1,89.33,26,Complex
219,8,6,4,4,27.38,19,Complex
94,10,2,9,4,9.4,22,Complex
46,5,7,17,1,9.2,30,Complex
79,2,15,12,4,39.5,30,Complex
42,9,4,2,3,4.67,16,Complex
52,9,12,12,2,5.78,34,Complex
145,4,7,18,5,36.25,30,Complex
103,0,10,7,2,0.0,18,Moderate
254,7,2,5,3,36.29,15,Complex
64,0,0,12,2,0.0,13,Moderate
358,1,6,20,0,358.0,28,Complex
95,3,11,7,3,31.67,22,Complex
363,10,8,18,5,36.3,37,Complex
242,4,2,13,4,60.5,20,Complex
367,7,2,5,4,52.43,15,Complex
397,7,12,12,0,56.71,32,Complex
397,8,14,8,3,49.62,31,Complex
349,3,7,10,3,116.33,21,Complex
153,7,6,16,2,21.86,30,Complex
213,6,4,11,0,35.5,22,Moderate
216,3,9,9,0,72.0,22,Moderate
373,8,11,12,0,46.62,32,Complex
310,10,2,15,2,31.0,28,Complex
336,3,1,8,4,112.0,13,Complex
309,7,13,15,3,44.14,36,Complex
219,9,5,6,5,24.33,21,Complex
335,4,7,18,1,83.75,30,Complex
245,7,11,20,5,35.0,39,Complex
35,4,0,7,2,8.75,12,Moderate
228,7,9,11,0,32.57,28,Complex
274,8,15,0,2,34.25,24,Moderate
368,10,4,4,2,36.8,19,Moderate
396,4,11,15,5,99.0,31,Complex
365,5,1,4,1,73.0,11,Moderate
54,4,3,0,4,13.5,8,Complex
70,8,6,3,1,8.75,18,Moderate
349,8,6,2,1,43.62,17,Moderate
272,0,2,0,0,0.0,3,Clean
48,7,11,8,4,6.86,27,Complex
187,5,1,15,3,37.4,22,Complex
31,1,2,5,4,31.0,9,Complex
34,2,6,7,3,17.0,16,Complex
266,1,3,0,5,266.0,5,Complex
166,9,5,6,0,18.44,21,Moderate
272,7,10,12,1,38.86,30,Complex
170,6,10,18,0,28.33,35,Complex
271,1,12,8,4,271.0,22,Complex
389,0,1,18,5,0.0,20,Complex
339,3,6,10,1,113.0,20,Moderate
378,2,1,2,3,189.0,6,Complex
284,8,0,20,4,35.5,29,Complex
292,10,1,16,2,29.2,28,Complex
384,2,8,4,0,192.0,15,Moderate
348,7,3,13,3,49.71,24,Complex
92,10,12,15,2,9.2,38,Complex
129,6,13,14,0,21.5,34,Complex
159,2,3,15,5,79.5,21,Complex
53,1,3,5,2,53.0,10,Moderate
158,4,3,0,0,39.5,8,Clean
370,7,8,15,1,52.86,31,Complex
37,2,8,19,1,18.5,30,Complex
190,10,6,19,5,19.0,36,Complex
377,0,9,8,4,0.0,18,Complex
141,10,4,10,0,14.1,25,Moderate
96,3,11,20,3,32.0,35,Complex
162,1,13,5,3,162.0,20,Complex
142,2,0,2,5,71.0,5,Complex
336,0,7,18,4,0.0,26,Complex
43,2,7,14,1,21.5,24,Moderate
283,6,6,19,2,47.17,32,Complex
388,10,13,1,1,38.8,25,Moderate
267,8,14,14,0,33.38,37,Complex
264,9,12,2,4,29.33,24,Complex
361,3,12,19,3,120.33,35,Complex
240,7,3,19,2,34.29,30,Complex
285,9,12,14,3,31.67,36,Complex
330,2,13,0,2,165.0,16,Moderate
210,0,15,11,5,0.0,27,Complex
268,8,12,16,3,33.5,37,Complex
196,9,0,5,4,21.78,15,Complex
147,1,2,0,0,147.0,4,Moderate
80,9,4,17,4,8.89,31,Complex
35,8,6,18,3,4.38,33,Complex
143,9,8,16,3,15.89,34,Complex
217,4,7,8,5,54.25,20,Complex
374,9,15,14,2,41.56,39,Complex
336,10,2,20,5,33.6,33,Complex
358,6,5,20,5,59.67,32,Complex
165,9,2,16,0,18.33,28,Complex
286,4,10,10,1,71.5,25,Moderate
171,5,0,3,1,34.2,9,Clean
32,9,15,19,2,3.56,44,Complex
68,3,14,2,5,22.67,20,Complex
36,4,8,2,1,9.0,15,Moderate
40,4,2,9,0,10.0,16,Moderate
322,3,11,2,1,107.33,17,Moderate
395,5,0,9,1,79.0,15,Moderate
46,8,9,13,5,5.75,31,Complex
133,10,15,16,1,13.3,42,Complex
365,3,1,10,1,121.67,15,Moderate
378,5,1,5,4,75.6,12,Complex
327,2,12,0,2,163.5,15,Moderate
225,5,4,11,1,45.0,21,Moderate
277,4,4,16,4,69.25,25,Complex
347,10,10,7,4,34.7,28,Complex
289,2,8,7,2,144.5,18,Moderate
50,7,15,6,4,7.14,29,Complex
307,2,15,20,4,153.5,38,Complex
223,6,4,19,3,37.17,30,Complex
112,1,4,2,5,112.0,8,Complex
336,0,11,7,4,0.0,19,Complex
269,1,12,2,5,269.0,16,Complex
162,2,7,6,4,81.0,16,Complex
299,7,15,6,1,42.71,29,Complex
266,7,14,5,1,38.0,27,Complex
378,8,1,19,3,47.25,29,Complex
205,8,4,4,5,25.62,17,Complex
104,5,13,20,4,20.8,39,Complex
324,8,10,6,1,40.5,25,Moderate
24,1,8,1,3,24.0,11,Complex
344,4,14,8,4,86.0,27,Complex
76,10,9,15,5,7.6,35,Complex
31,9,7,17,3,3.44,34,Complex
278,2,7,12,3,139.0,22,Complex
254,1,1,18,4,254.0,21,Complex
130,2,3,15,5,65.0,21,Complex
266,2,3,15,2,133.0,21,Moderate
311,0,14,7,0,0.0,22,Moderate
225,3,6,19,3,75.0,29,Complex
141,1,12,14,3,141.0,28,Complex
55,7,1,12,0,7.86,21,Moderate
231,2,9,4,1,115.5,16,Moderate
346,7,9,20,2,49.43,37,Complex
125,2,12,9,5,62.5,24,Complex
337,7,2,7,1,48.14,17,Moderate
115,4,1,10,0,28.75,16,Moderate
143,0,14,9,1,0.0,24,Moderate
59,10,2,18,0,5.9,31,Complex
373,9,5,13,2,41.44,28,Complex
136,7,15,0,5,19.43,23,Complex
395,1,2,20,2,395.0,24,Moderate
194,2,5,12,5,97.0,20,Complex
285,4,7,15,0,71.25,27,Complex
97,0,9,6,3,0.0,16,Complex
152,2,9,11,4,76.0,23,Complex
83,1,8,17,2,83.0,27,Complex
32,3,7,1,3,10.67,12,Complex
80,3,1,18,1,26.67,23,Moderate
122,3,12,20,0,40.67,36,Complex
295,7,5,13,4,42.14,26,Complex
240,6,2,0,3,40.0,9,Complex
298,3,11,7,0,99.33,22,Moderate
340,3,15,6,2,113.33,25,Moderate
267,1,12,13,5,267.0,27,Complex
46,2,7,14,0,23.0,24,Moderate
279,5,5,6,1,55.8,17,Moderate
211,9,10,17,2,23.44,37,Complex
218,6,8,7,2,36.33,22,Moderate
178,4,5,7,3,44.5,17,Complex
246,3,10,2,4,82.0,16,Complex
257,1,6,20,5,257.0,28,Complex
306,9,1,7,1,34.0,18,Moderate
330,9,7,20,5,36.67,37,Complex
213,6,7,4,4,35.5,18,Complex
143,9,1,8,3,15.89,19,Complex
124,0,0,4,3,0.0,5,Complex
124,1,5,11,2,124.0,18,Moderate
86,8,15,5,0,10.75,29,Complex
339,9,2,16,2,37.67,28,Complex
337,3,7,5,1,112.33,16,Moderate
385,3,9,11,0,128.33,24,Moderate
306,10,5,10,0,30.6,26,Complex
46,6,10,6,2,7.67,23,Moderate
385,2,11,9,4,192.5,23,Complex
306,2,14,18,3,153.0,35,Complex
327,8,6,2,5,40.88,17,Complex
115,6,0,2,2,19.17,9,Moderate
116,8,3,20,0,14.5,32,Complex
94,3,7,5,0,31.33,16,Moderate
93,10,2,15,4,9.3,28,Complex
357,9,15,4,4,39.67,29,Complex
351,8,4,13,1,43.88,26,Complex
167,2,9,6,5,83.5,18,Complex
305,1,3,19,2,305.0,24,Moderate
301,7,14,9,2,43.0,31,Complex
395,6,9,13,5,65.83,29,Complex
162,8,4,18,3,20.25,31,Complex
220,1,12,13,5,220.0,27,Complex
328,3,0,4,4,109.33,8,Complex
242,0,8,14,0,0.0,23,Moderate
77,1,12,3,3,77.0,17,Complex
289,0,1,0,1,0.0,2,Clean
257,9,2,6,1,28.56,18,Moderate
98,2,8,7,3,49.0,18,Complex
319,2,6,6,4,159.5,15,Complex
219,9,11,6,3,24.33,27,Complex
363,4,6,0,3,90.75,11,Complex
339,0,4,20,5,0.0,25,Complex
129,9,14,2,0,14.33,26,Complex
249,8,10,18,1,31.12,37,Complex
268,2,8,13,4,134.0,24,Complex
108,9,10,2,0,12.0,22,Moderate
331,8,15,16,0,41.38,40,Complex
65,4,4,1,2,16.25,10,Moderate
102,8,11,10,5,12.75,30,Complex
310,8,3,5,0,38.75,17,Moderate
80,2,0,9,3,40.0,12,Complex
364,0,4,15,2,0.0,20,Moderate
400,6,15,12,3,66.67,34,Complex
373,1,3,0,0,373.0,5,Moderate
214,1,13,4,5,214.0,19,Complex
156,7,0,14,0,22.29,22,Moderate
309,2,7,5,3,154.5,15,Complex
189,2,0,15,0,94.5,18,Moderate
59,8,14,17,5,7.38,40,Complex
319,5,5,15,5,63.8,26,Complex
309,7,7,0,3,44.14,15,Complex
153,6,2,17,5,25.5,26,Complex
126,4,12,10,2,31.5,27,Complex
117,5,13,1,2,23.4,20,Moderate
344,10,15,11,3,34.4,37,Complex
57,1,1,15,5,57.0,18,Complex
235,5,1,17,2,47.0,24,Moderate
380,6,10,7,3,63.33,24,Complex
21,0,9,2,3,0.0,12,Complex
182,7,5,3,4,26.0,16,Complex
379,8,0,12,3,47.38,21,Complex
177,6,14,8,2,29.5,29,Complex
26,0,14,7,2,0.0,22,Moderate
349,6,5,4,2,58.17,16,Moderate
268,8,3,11,2,33.5,23,Moderate
177,3,2,0,4,59.0,6,Complex
100,2,11,0,2,50.0,14,Moderate
137,7,13,2,2,19.57,23,Moderate
361,6,7,3,0,60.17,17,Moderate
246,10,7,2,5,24.6,20,Complex
28,5,1,16,1,5.6,23,Moderate
288,2,8,0,0,144.0,11,Moderate
306,2,3,10,0,153.0,16,Moderate
53,10,2,20,2,5.3,33,Complex
387,2,10,13,0,193.5,26,Complex
208,8,8,6,0,26.0,23,Moderate
68,3,14,4,2,22.67,22,Moderate
87,9,8,20,2,9.67,38,Complex
119,9,0,0,1,13.22,10,Clean
255,5,11,20,4,51.0,37,Complex
311,7,0,13,1,44.43,21,Moderate
51,1,6,9,4,51.0,17,Complex
357,2,3,7,3,178.5,13,Complex
139,10,7,8,0,13.9,26,Complex
30,7,6,6,1,4.29,20,Moderate
144,0,5,12,1,0.0,18,Moderate
125,1,12,16,1,125.0,30,Complex
103,1,3,17,2,103.0,22,Moderate
43,4,4,6,0,10.75,15,Moderate
186,4,10,14,3,46.5,29,Complex
103,2,10,7,3,51.5,20,Complex
84,9,4,6,5,9.33,20,Complex
304,5,15,12,1,60.8,33,Complex
64,4,10,16,5,16.0,31,Complex
133,5,12,5,3,26.6,23,Complex
340,1,8,13,4,340.0,23,Complex
126,7,1,7,2,18.0,16,Moderate
109,8,5,5,3,13.62,19,Complex
168,3,8,11,2,56.0,23,Moderate
197,5,14,12,3,39.4,32,Complex
163,5,1,16,5,32.6,23,Complex
306,8,14,18,5,38.25,41,Complex
157,9,6,12,0,17.44,28,Complex
107,3,13,12,5,35.67,29,Complex
59,9,9,4,1,6.56,23,Moderate
103,3,8,20,3,34.33,32,Complex
358,8,15,6,3,44.75,30,Complex
217,9,7,11,2,24.11,28,Complex
359,8,11,16,0,44.88,36,Complex
99,8,3,19,2,12.38,31,Complex
340,5,1,20,2,68.0,27,Complex
31,1,15,10,0,31.0,27,Complex
199,5,14,13,0,39.8,33,Complex
344,4,14,10,4,86.0,29,Complex
241,3,5,2,5,80.33,11,Complex
213,10,13,20,3,21.3,44,Complex
313,2,5,16,3,156.5,24,Complex
350,7,8,20,1,50.0,36,Complex
187,10,5,20,2,18.7,36,Complex
180,1,6,14,0,180.0,22,Moderate
329,10,13,2,0,32.9,26,Complex
266,1,10,4,1,266.0,16,Moderate
267,10,11,16,1,26.7,38,Complex
50,7,11,2,1,7.14,21,Moderate
366,7,11,10,0,52.29,29,Complex
209,5,11,15,3,41.8,32,Complex
276,4,9,3,0,69.0,17,Moderate
46,1,14,7,1,46.0,23,Moderate
265,7,7,5,4,37.86,20,Complex
134,5,3,15,3,26.8,24,Complex
198,5,15,2,5,39.6,23,Complex
206,6,14,13,4,34.33,34,Complex
112,9,11,16,1,12.44,37,Complex
26,5,11,11,3,5.2,28,Complex
136,3,7,2,1,45.33,13,Moderate
35,6,4,9,0,5.83,20,Moderate
353,7,7,6,1,50.43,21,Moderate
98,5,5,19,3,19.6,30,Complex
119,1,9,1,4,119.0,12,Complex
259,0,12,14,4,0.0,27,Complex
387,4,6,3,5,96.75,14,Complex
340,3,5,3,4,113.33,12,Complex
375,5,1,10,0,75.0,17,Moderate
162,7,3,2,5,23.14,13,Complex
192,0,2,3,1,0.0,6,Clean
24,1,7,20,0,24.0,29,Complex
257,6,9,9,4,42.83,25,Complex
329,6,0,20,1,54.83,27,Complex
300,2,10,12,1,150.0,25,Moderate
254,3,0,0,5,84.67,4,Complex
283,6,0,20,4,47.17,27,Complex
102,4,13,7,1,25.5,25,Moderate
355,4,8,6,1,88.75,19,Moderate
120,4,7,8,4,30.0,20,Complex
212,2,9,12,0,106.0,24,Moderate
91,4,14,8,1,22.75,27,Complex
357,7,5,15,0,51.0,28,Complex
365,2,10,0,0,182.5,13,Moderate
27,6,14,2,5,4.5,23,Complex
329,4,6,15,2,82.25,26,Complex
213,2,0,16,1,106.5,19,Moderate
299,8,12,20,0,37.38,41,Complex
66,3,9,15,4,22.0,28,Complex
377,6,14,18,0,62.83,39,Complex
196,5,11,2,5,39.2,19,Complex
281,6,7,5,1,46.83,19,Moderate
318,1,13,0,3,318.0,15,Complex
169,7,11,7,5,24.14,26,Complex
368,0,0,1,0,0.0,2,Clean
304,6,4,8,1,50.67,19,Moderate
205,5,6,5,2,41.0,17,Moderate
362,2,2,14,5,181.0,19,Complex
160,2,11,13,0,80.0,27,Complex
300,2,9,10,5,150.0,22,Complex
191,8,14,1,0,23.88,24,Moderate
27,7,12,3,1,3.86,23,Moderate
102,3,6,20,1,34.0,30,Complex
293,10,6,18,3,29.3,35,Complex
188,8,2,20,0,23.5,31,Complex
226,2,7,19,2,113.0,29,Complex
201,5,1,18,1,40.2,25,Moderate
234,7,2,12,3,33.43,22,Complex
109,4,14,4,3,27.25,23,Complex
45,6,9,18,0,7.5,34,Complex
21,2,8,2,3,10.5,13,Complex
109,7,14,5,2,15.57,27,Complex
148,10,2,11,0,14.8,24,Moderate
81,8,12,14,4,10.12,35,Complex
250,0,2,2,0,0.0,5,Clean
359,0,2,16,5,0.0,19,Complex
363,10,3,20,2,36.3,34,Complex
35,0,12,7,0,0.0,20,Moderate
164,1,9,3,0,164.0,14,Moderate
283,4,7,10,5,70.75,22,Complex
266,7,13,8,0,38.0,29,Complex
167,10,7,17,2,16.7,35,Complex
125,1,12,14,1,125.0,28,Complex
297,9,11,20,5,33.0,41,Complex
331,9,5,5,0,36.78,20,Moderate
86,6,14,16,1,14.33,37,Complex
379,1,11,1,0,379.0,14,Moderate
136,7,0,4,2,19.43,12,Moderate
349,2,11,12,5,174.5,26,Complex
263,8,12,2,3,32.88,23,Complex
247,4,1,7,0,61.75,13,Moderate
380,3,13,19,3,126.67,36,Complex
397,9,3,18,3,44.11,31,Complex
314,3,6,0,4,104.67,10,Complex
362,9,1,4,3,40.22,15,Complex
77,4,1,7,2,19.25,13,Moderate
285,8,12,8,2,35.62,29,Complex
400,2,4,13,5,200.0,20,Complex
275,3,8,6,2,91.67,18,Moderate
182,5,10,11,3,36.4,27,Complex
374,6,1,7,3,62.33,15,Complex
94,3,14,11,4,31.33,29,Complex
73,6,6,2,3,12.17,15,Complex
343,9,1,15,2,38.11,26,Complex
380,10,15,6,5,38.0,32,Complex
306,8,2,4,3,38.25,15,Complex
136,10,3,9,0,13.6,23,Moderate
47,7,2,10,3,6.71,20,Complex
353,3,6,8,4,117.67,18,Complex
202,0,7,1,1,0.0,9,Clean
78,7,15,12,5,11.14,35,Complex
21,2,14,7,3,10.5,24,Complex
168,9,8,14,4,18.67,32,Complex
290,2,1,20,3,145.0,24,Complex
224,2,0,12,4,112.0,15,Complex
307,3,9,11,5,102.33,24,Complex
211,1,2,6,3,211.0,10,Complex
38,0,11,14,4,0.0,26,Complex
343,4,10,12,0,85.75,27,Complex
244,1,15,11,4,244.0,28,Complex
86,2,15,3,2,43.0,21,Moderate
199,1,15,5,3,199.0,22,Complex
340,5,11,15,1,68.0,32,Complex
310,7,12,11,5,44.29,31,Complex
187,10,6,16,0,18.7,33,Complex
354,10,7,17,5,35.4,35,Complex
355,10,4,7,0,35.5,22,Moderate
231,4,11,7,4,57.75,23,Complex
195,10,1,13,0,19.5,25,Moderate
30,2,10,14,0,15.0,27,Complex
353,4,7,5,4,88.25,17,Complex
113,10,0,5,5,11.3,16,Complex
313,4,4,3,4,78.25,12,Complex
219,2,5,12,2,109.5,20,Moderate
23,7,5,16,1,3.29,29,Complex
22,1,14,3,0,22.0,19,Moderate
349,3,6,12,1,116.33,22,Moderate
229,9,4,19,0,25.44,33,Complex
130,9,1,19,5,14.44,30,Complex
65,10,11,19,3,6.5,41,Complex
219,7,5,3,4,31.29,16,Complex
356,5,15,16,0,71.2,37,Complex
272,7,15,6,3,38.86,29,Complex
281,8,6,9,5,35.12,24,Complex
98,3,0,5,0,32.67,9,Clean
72,1,10,9,1,72.0,21,Moderate
365,1,8,9,5,365.0,19,Complex
70,5,14,0,2,14.0,20,Moderate
232,7,3,2,0,33.14,13,Moderate
303,3,12,3,5,101.0,19,Complex
48,7,14,9,1,6.86,31,Complex
366,6,9,8,4,61.0,24,Complex
212,2,5,18,5,106.0,26,Complex
105,9,9,9,2,11.67,28,Complex
185,4,4,18,1,46.25,27,Complex
188,0,13,5,2,0.0,19,Moderate
310,7,7,15,1,44.29,30,Complex
345,3,6,11,1,115.0,21,Moderate
258,5,5,8,2,51.6,19,Moderate
144,5,1,0,5,28.8,7,Complex
73,7,4,3,4,10.43,15,Complex
379,8,9,15,0,47.38,33,Complex
301,9,13,14,3,33.44,37,Complex
398,10,8,15,1,39.8,34,Complex
89,0,13,16,0,0.0,30,Complex
322,8,14,13,4,40.25,36,Complex
123,4,0,12,0,30.75,17,Moderate
314,3,8,6,2,104.67,18,Moderate
253,5,14,14,5,50.6,34,Complex
207,2,4,16,3,103.5,23,Complex
249,3,13,5,4,83.0,22,Complex
128,7,13,5,5,18.29,26,Complex
323,7,4,16,4,46.14,28,Complex
58,4,2,16,3,14.5,23,Complex
55,1,9,4,2,55.0,15,Moderate
398,6,8,17,2,66.33,32,Complex
117,5,12,20,1,23.4,38,Complex
44,3,10,10,1,14.67,24,Moderate
395,6,14,0,4,65.83,21,Complex
361,9,1,17,3,40.11,28,Complex
29,4,12,5,1,7.25,22,Moderate
389,10,5,18,4,38.9,34,Complex
87,8,0,19,2,10.88,28,Complex
292,4,5,4,3,73.0,14,Complex
388,9,9,13,0,43.11,32,Complex
198,8,10,11,3,24.75,30,Complex
155,7,2,13,5,22.14,23,Complex
196,1,6,0,3,196.0,8,Complex
208,1,11,4,1,208.0,17,Moderate
310,4,4,13,3,77.5,22,Complex
140,5,0,6,1,28.0,12,Clean
193,5,4,3,3,38.6,13,Complex
169,3,10,9,3,56.33,23,Complex
95,4,10,14,1,23.75,29,Complex
182,6,6,14,4,30.33,27,Complex
47,2,7,13,4,23.5,23,Complex
48,4,1,18,0,12.0,24,Moderate
272,9,0,11,2,30.22,21,Moderate
86,8,12,6,0,10.75,27,Complex
233,4,5,12,3,58.25,22,Complex
348,9,0,15,5,38.67,25,Complex
251,0,3,7,0,0.0,11,Clean
234,0,6,18,3,0.0,25,Complex
311,4,8,20,5,77.75,33,Complex
171,0,5,19,4,0.0,25,Complex
207,3,9,2,2,69.0,15,Moderate
239,8,11,5,3,29.88,25,Complex
322,8,14,1,2,40.25,24,Moderate
186,10,14,0,4,18.6,25,Complex
72,4,11,7,4,18.0,23,Complex
204,0,14,6,5,0.0,21,Complex
249,5,9,19,5,49.8,34,Complex
387,9,11,10,3,43.0,31,Complex
389,4,5,12,3,97.25,22,Complex
216,9,8,7,4,24.0,25,Complex
260,1,5,10,2,260.0,17,Moderate
109,7,2,4,1,15.57,14,Moderate
388,9,4,19,3,43.11,33,Complex
254,2,12,6,3,127.0,21,Complex
343,3,11,18,0,114.33,33,Complex
338,2,1,11,3,169.0,15,Complex
328,4,6,8,2,82.0,19,Moderate
93,10,4,6,3,9.3,21,Complex
107,4,15,9,5,26.75,29,Complex
360,7,14,10,0,51.43,32,Complex
99,0,7,4,2,0.0,12,Moderate
347,10,6,19,4,34.7,36,Complex
224,10,15,1,4,22.4,27,Complex
196,9,4,17,5,21.78,31,Complex
114,0,3,2,4,0.0,6,Complex
271,7,13,7,4,38.71,28,Complex
112,6,11,5,2,18.67,23,Moderate
190,9,9,10,2,21.11,29,Complex
310,3,1,10,3,103.33,15,Complex
105,2,14,2,2,52.5,19,Moderate
59,7,7,10,2,8.43,25,Moderate
350,1,13,20,4,350.0,35,Complex
394,5,2,11,3,78.8,19,Complex
361,5,7,8,5,72.2,21,Complex
397,5,8,13,5,79.4,27,Complex
152,7,8,6,1,21.71,22,Moderate
46,8,3,8,0,5.75,20,Moderate
164,10,6,17,4,16.4,34,Complex
173,1,12,4,2,173.0,18,Moderate
336,10,6,20,0,33.6,37,Complex
149,1,8,2,5,149.0,12,Complex
238,8,10,8,1,29.75,27,Complex
54,3,11,3,4,18.0,18,Complex
143,3,1,4,5,47.67,9,Complex
296,2,0,1,5,148.0,4,Complex
208,8,1,11,2,26.0,21,Moderate
292,7,7,4,3,41.71,19,Complex
119,3,9,6,5,39.67,19,Complex
184,9,9,8,4,20.44,27,Complex
121,2,12,16,4,60.5,31,Complex
229,1,15,15,5,229.0,32,Complex
263,2,8,17,5,131.5,28,Complex
236,3,12,12,4,78.67,28,Complex
48,4,8,10,4,12.0,23,Complex
379,10,2,19,3,37.9,32,Complex
79,1,13,1,3,79.0,16,Complex
277,10,0,17,2,27.7,28,Complex
133,8,4,20,1,16.62,33,Complex
126,2,4,0,4,63.0,7,Complex
181,5,8,5,2,36.2,19,Moderate
189,0,2,16,0,0.0,19,Moderate
207,7,1,18,3,29.57,27,Complex
154,4,15,19,2,38.5,39,Complex
281,10,2,7,0,28.1,20,Moderate
269,8,1,20,0,33.62,30,Complex
387,10,1,5,2,38.7,17,Moderate
76,9,0,17,4,8.44,27,Complex
244,1,6,2,4,244.0,10,Complex
252,2,13,7,2,126.0,23,Moderate
136,6,8,13,2,22.67,28,Complex
360,4,11,17,0,90.0,33,Complex
389,4,14,9,2,97.25,28,Complex
301,4,1,17,5,75.25,23,Complex
56,3,0,14,0,18.67,18,Moderate
270,1,13,20,5,270.0,35,Complex
75,2,12,17,3,37.5,32,Complex
332,4,5,13,3,83.0,23,Complex
107,5,15,20,4,21.4,41,Complex
195,9,13,11,1,21.67,34,Complex
238,0,7,4,0,0.0,12,Clean
293,7,7,15,2,41.86,30,Complex
345,0,12,10,0,0.0,23,Moderate
276,1,4,3,3,276.0,9,Complex
308,8,10,20,0,38.5,39,Complex
186,0,11,1,5,0.0,13,Complex
373,9,1,14,5,41.44,25,Complex
208,8,5,11,3,26.0,25,Complex
293,4,5,11,5,73.25,21,Complex
280,9,8,7,0,31.11,25,Moderate
83,1,1,9,3,83.0,12,Complex
223,1,4,12,3,223.0,18,Complex
165,2,5,13,0,82.5,21,Moderate
80,4,11,2,4,20.0,18,Complex
397,4,3,12,4,99.25,20,Complex
350,4,0,13,2,87.5,18,Moderate
261,6,13,4,2,43.5,24,Moderate
334,1,13,15,1,334.0,30,Complex
147,7,1,19,0,21.0,28,Complex
394,3,4,12,0,131.33,20,Moderate
173,9,15,5,3,19.22,30,Complex
62,9,2,16,2,6.89,28,Complex
200,4,7,17,1,50.0,29,Complex
238,3,10,11,4,79.33,25,Complex
236,5,2,20,4,47.2,28,Complex
296,10,8,8,5,29.6,27,Complex
223,6,8,15,4,37.17,30,Complex
238,1,15,3,5,238.0,20,Complex
375,0,9,19,5,0.0,29,Complex
171,9,0,1,3,19.0,11,Complex
309,9,14,2,2,34.33,26,Complex
284,0,8,4,5,0.0,13,Complex
184,6,2,18,4,30.67,27,Complex
119,5,0,13,3,23.8,19,Complex
328,7,5,15,1,46.86,28,Complex
264,4,1,6,5,66.0,12,Complex
196,2,10,0,0,98.0,13,Moderate
369,0,8,11,2,0.0,20,Moderate
300,0,0,19,0,0.0,20,Moderate
148,10,9,9,1,14.8,29,Complex
58,5,10,2,2,11.6,18,Moderate
196,7,15,16,1,28.0,39,Complex
367,7,1,2,2,52.43,11,Moderate
208,10,15,14,1,20.8,40,Complex
361,1,10,6,1,361.0,18,Moderate
226,2,0,8,5,113.0,11,Complex
113,2,4,8,4,56.5,15,Complex
351,1,3,13,5,351.0,18,Complex
323,7,12,19,5,46.14,39,Complex
103,6,6,19,4,17.17,32,Complex
321,4,12,16,1,80.25,33,Complex
332,0,6,17,1,0.0,24,Moderate
152,6,5,5,1,25.33,17,Moderate
80,3,13,6,2,26.67,23,Moderate
46,4,9,8,5,11.5,22,Complex
348,9,12,13,2,38.67,35,Complex
250,3,12,12,3,83.33,28,Complex
165,7,1,16,4,23.57,25,Complex
200,3,15,16,5,66.67,35,Complex
311,8,8,12,5,38.88,29,Complex
394,9,12,10,5,43.78,32,Complex
211,7,4,13,5,30.14,25,Complex
294,10,12,7,2,29.4,30,Complex
384,5,2,17,0,76.8,25,Moderate
170,10,0,12,3,17.0,23,Complex
347,7,7,20,5,49.57,35,Complex
99,8,8,16,4,12.38,33,Complex
74,10,8,1,5,7.4,20,Complex
207,9,0,1,1,23.0,11,Clean
211,3,7,18,5,70.33,29,Complex
397,3,15,8,1,132.33,27,Complex
69,6,2,17,3,11.5,26,Complex
382,6,11,9,5,63.67,27,Complex
375,5,15,0,0,75.0,21,Moderate
41,2,0,14,4,20.5,17,Complex
269,7,2,14,5,38.43,24,Complex
307,10,5,17,1,30.7,33,Complex
93,5,14,19,4,18.6,39,Complex
21,5,3,12,4,4.2,21,Complex
377,2,8,12,5,188.5,23,Complex
255,3,13,0,3,85.0,17,Complex
172,2,10,11,3,86.0,24,Complex
372,3,3,20,3,124.0,27,Complex
84,7,5,13,1,12.0,26,Complex
296,2,9,19,2,148.0,31,Complex
116,10,4,8,3,11.6,23,Complex
362,5,8,17,5,72.4,31,Complex
225,0,2,5,5,0.0,8,Complex
350,10,1,5,2,35.0,17,Moderate
140,1,5,17,0,140.0,24,Moderate
253,10,7,16,0,25.3,34,Complex
386,9,13,4,1,42.89,27,Complex
24,6,9,17,0,4.0,33,Complex
309,9,11,18,3,34.33,39,Complex
93,3,6,8,1,31.0,18,Moderate
357,0,3,1,1,0.0,5,Clean
289,1,4,7,3,289.0,13,Complex
105,4,11,16,5,26.25,32,Complex
397,10,11,0,2,39.7,22,Moderate
284,4,0,5,1,71.0,10,Moderate
110,7,7,19,4,15.71,34,Complex
34,5,13,18,5,6.8,37,Complex
234,1,10,18,5,234.0,30,Complex
293,8,15,10,3,36.62,34,Complex
318,9,13,17,3,35.33,40,Complex
188,9,0,17,2,20.89,27,Complex
398,6,3,0,4,66.33,10,Complex
38,3,4,18,0,12.67,26,Complex
354,1,15,5,0,354.0,22,Moderate
346,8,3,20,2,43.25,32,Complex
71,4,2,2,0,17.75,9,Clean
378,2,14,15,4,189.0,32,Complex
115,6,12,17,0,19.17,36,Complex
300,3,2,13,1,100.0,19,Moderate
249,9,15,7,1,27.67,32,Complex
175,0,15,14,3,0.0,30,Complex
160,2,14,14,4,80.0,31,Complex
364,10,11,19,5,36.4,41,Complex
274,0,13,14,4,0.0,28,Complex
218,1,2,17,1,218.0,21,Moderate
362,6,2,13,0,60.33,22,Moderate
97,6,6,18,1,16.17,31,Complex
211,0,8,19,4,0.0,28,Complex
167,7,14,13,5,23.86,35,Complex
25,2,14,11,5,12.5,28,Complex
299,1,3,13,3,299.0,18,Complex
308,6,1,16,3,51.33,24,Complex
308,1,8,2,3,308.0,12,Complex
313,0,4,5,2,0.0,10,Moderate
231,6,4,18,2,38.5,29,Complex
282,7,15,9,0,40.29,32,Complex
371,2,12,8,5,185.5,23,Complex
96,6,6,20,4,16.0,33,Complex
136,5,14,5,4,27.2,25,Complex
351,10,6,4,3,35.1,21,Complex
158,7,8,5,2,22.57,21,Moderate
252,1,5,10,1,252.0,17,Moderate
150,4,14,4,0,37.5,23,Moderate
376,7,7,1,2,53.71,16,Moderate
368,3,5,8,0,122.67,17,Moderate
184,2,4,9,1,92.0,16,Moderate
321,6,13,17,0,53.5,37,Complex
72,10,2,1,2,7.2,14,Moderate
190,9,0,13,1,21.11,23,Moderate
115,4,3,5,0,28.75,13,Moderate
282,1,15,1,4,282.0,18,Complex
300,3,5,17,2,100.0,26,Complex
361,2,5,1,4,180.5,9,Complex
371,7,9,7,1,53.0,24,Moderate
55,2,4,1,1,27.5,8,Clean
343,1,15,9,1,343.0,26,Complex
140,2,12,0,1,70.0,15,Moderate
169,1,7,9,5,169.0,18,Complex
81,2,4,7,5,40.5,14,Complex
291,1,10,15,0,291.0,27,Complex
110,3,8,3,1,36.67,15,Moderate
105,4,1,16,3,26.25,22,Complex
173,8,1,20,3,21.62,30,Complex
308,3,10,12,4,102.67,26,Complex
167,9,11,11,1,18.56,32,Complex
135,7,12,7,3,19.29,27,Complex
230,4,10,2,0,57.5,17,Moderate
397,0,15,16,4,0.0,32,Complex
28,0,9,10,4,0.0,20,Complex
25,4,10,16,3,6.25,31,Complex
395,0,9,15,1,0.0,25,Moderate
341,7,1,2,1,48.71,11,Moderate
59,6,5,2,2,9.83,14,Moderate
146,8,12,1,5,18.25,22,Complex
381,10,13,19,1,38.1,43,Complex
66,2,3,7,5,33.0,13,Complex
179,6,4,0,2,29.83,11,Moderate
388,4,13,20,5,97.0,38,Complex
345,0,0,13,5,0.0,14,Complex
135,5,12,3,3,27.0,21,Complex
69,9,11,4,3,7.67,25,Complex
266,8,3,8,1,33.25,20,Moderate
21,2,11,2,3,10.5,16,Complex
116,7,8,16,2,16.57,32,Complex
189,0,12,11,0,0.0,24,Moderate
283,1,5,19,5,283.0,26,Complex
145,8,15,10,0,18.12,34,Complex
330,5,1,14,1,66.0,21,Moderate
91,4,1,9,0,22.75,15,Moderate
256,10,5,18,0,25.6,34,Complex
302,4,12,10,0,75.5,27,Complex
319,6,12,9,2,53.17,28,Complex
316,1,13,8,5,316.0,23,Complex
84,8,13,14,3,10.5,36,Complex
279,8,12,18,3,34.88,39,Complex
76,1,7,4,0,76.0,13,Moderate
30,10,3,10,3,3.0,24,Complex
239,8,5,18,0,29.88,32,Complex
199,7,4,1,3,28.43,13,Complex
304,1,1,9,0,304.0,12,Moderate
145,4,1,6,4,36.25,12,Complex
102,6,9,16,5,17.0,32,Complex
360,9,7,20,4,40.0,37,Complex
378,1,11,7,3,378.0,20,Complex
374,7,8,9,1,53.43,25,Moderate
39,2,0,10,2,19.5,13,Moderate
112,7,1,17,5,16.0,26,Complex
123,3,8,5,4,41.0,17,Complex
375,4,7,7,3,93.75,19,Complex
175,2,14,8,2,87.5,25,Moderate
344,8,13,2,0,43.0,24,Moderate
242,7,2,19,0,34.57,29,Complex
104,4,4,7,2,26.0,16,Moderate
222,8,3,10,1,27.75,22,Moderate
375,9,4,3,3,41.67,17,Complex
370,1,3,14,4,370.0,19,Complex
121,0,0,3,0,0.0,4,Clean
355,0,7,4,4,0.0,12,Complex
24,5,3,6,0,4.8,15,Moderate
162,5,5,19,4,32.4,30,Complex
224,2,7,11,2,112.0,21,Moderate
46,4,4,12,1,11.5,21,Moderate
306,2,6,14,2,153.0,23,Moderate
232,5,9,10,2,46.4,25,Moderate
198,2,1,9,0,99.0,13,Moderate
272,1,1,4,1,272.0,7,Moderate
280,1,5,6,4,280.0,13,Complex
43,10,3,14,4,4.3,28,Complex
69,9,13,1,0,7.67,24,Moderate
36,10,2,18,3,3.6,31,Complex
232,6,5,12,0,38.67,24,Moderate
159,4,14,10,0,39.75,29,Complex
399,8,1,18,5,49.88,28,Complex
238,5,10,12,0,47.6,28,Complex
358,10,0,9,2,35.8,20,Moderate
192,10,7,2,3,19.2,20,Complex
362,1,5,12,1,362.0,19,Moderate
195,1,12,4,2,195.0,18,Moderate
364,8,12,3,3,45.5,24,Complex
33,2,11,12,3,16.5,26,Complex
128,5,7,14,2,25.6,27,Complex
194,4,15,17,1,48.5,37,Complex
345,0,7,7,1,0.0,15,Moderate
282,1,2,13,5,282.0,17,Complex
295,10,3,18,1,29.5,32,Complex
226,1,11,14,5,226.0,27,Complex
167,2,11,6,4,83.5,20,Complex
115,6,5,13,1,19.17,25,Moderate
194,6,6,13,2,32.33,26,Complex
109,0,15,2,2,0.0,18,Moderate
23,4,5,17,0,5.75,27,Complex
79,10,14,3,2,7.9,28,Complex
147,4,4,11,2,36.75,20,Moderate
197,9,5,15,3,21.89,30,Complex
151,2,13,0,0,75.5,16,Moderate
399,7,3,17,1,57.0,28,Complex
324,6,10,16,0,54.0,33,Complex
155,8,2,8,4,19.38,19,Complex
336,9,7,11,3,37.33,28,Complex
112,3,0,17,1,37.33,21,Moderate
269,3,5,15,1,89.67,24,Moderate
257,2,5,19,3,128.5,27,Complex
192,6,15,4,5,32.0,26,Complex
302,5,15,19,2,60.4,40,Complex
222,10,13,17,2,22.2,41,Complex
131,0,10,12,5,0.0,23,Complex
110,5,12,19,1,22.0,37,Complex
351,2,5,17,4,175.5,25,Complex
110,0,8,12,0,0.0,21,Moderate
297,2,6,3,5,148.5,12,Complex
58,5,7,5,3,11.6,18,Complex
335,2,8,10,4,167.5,21,Complex
135,4,12,4,1,33.75,21,Moderate
233,0,5,14,5,0.0,20,Complex
252,4,13,20,3,63.0,38,Complex
290,6,9,17,5,48.33,33,Complex
157,0,12,0,5,0.0,13,Complex
85,7,13,5,4,12.14,26,Complex
70,5,10,19,1,14.0,35,Complex
159,10,7,1,0,15.9,19,Moderate
185,9,8,13,4,20.56,31,Complex
285,3,11,17,1,95.0,32,Complex
354,1,13,8,4,354.0,23,Complex
85,2,2,8,0,42.5,13,Moderate
135,2,5,14,4,67.5,22,Complex
248,0,3,6,3,0.0,10,Complex
103,0,14,10,3,0.0,25,Complex
55,2,0,8,5,27.5,11,Complex
39,5,4,12,5,7.8,22,Complex
211,5,2,5,5,42.2,13,Complex
90,7,13,0,2,12.86,21,Moderate
303,1,15,12,1,303.0,29,Complex
142,2,1,12,4,71.0,16,Complex
284,10,11,20,1,28.4,42,Complex
193,3,1,7,1,64.33,12,Moderate
224,6,0,14,0,37.33,21,Moderate
352,7,9,13,1,50.29,30,Complex
171,1,0,1,3,171.0,3,Complex
90,4,5,13,0,22.5,23,Moderate
99,7,4,5,5,14.14,17,Complex
121,1,14,8,0,121.0,24,Moderate
354,4,8,6,5,88.5,19,Complex
112,7,5,18,3,16.0,31,Complex
189,8,7,8,0,23.62,24,Moderate
358,10,8,20,3,35.8,39,Complex
201,4,4,12,2,50.25,21,Moderate
97,3,6,10,2,32.33,20,Moderate
229,7,11,8,3,32.71,27,Complex
54,4,5,11,5,13.5,21,Complex
205,4,15,14,5,51.25,34,Complex
202,1,5,18,5,202.0,25,Complex
249,6,5,14,5,41.5,26,Complex
121,6,4,14,4,20.17,25,Complex
163,9,4,17,4,18.11,31,Complex
298,7,4,19,2,42.57,31,Complex
350,0,0,12,3,0.0,13,Complex
260,4,5,2,5,65.0,12,Complex
97,4,15,10,4,24.25,30,Complex
245,9,0,11,1,27.22,21,Moderate
263,3,8,11,2,87.67,23,Moderate
83,5,4,8,0,16.6,18,Moderate
20,6,4,16,5,3.33,27,Complex
116,8,14,20,3,14.5,43,Complex
81,2,9,9,2,40.5,21,Moderate
309,4,12,11,4,77.25,28,Complex
360,5,5,3,5,72.0,14,Complex
158,3,5,3,0,52.67,12,Moderate
329,6,13,11,1,54.83,31,Complex
106,6,6,6,4,17.67,19,Complex
365,3,8,20,2,121.67,32,Complex
394,6,7,10,0,65.67,24,Moderate
